{
   "biomes" : {
      "bamboo_jungle" : {
         "fog_identifier" : "minecraft:fog_bamboo_jungle",
         "fog_ids_to_merge" : [ "minecraft:fog_bamboo_jungle" ],
         "inherit_from_prior_fog" : false,
         "water_surface_color" : "#14a2c5"
      },
      "bamboo_jungle_hills" : {
         "fog_identifier" : "minecraft:fog_bamboo_jungle_hills",
         "fog_ids_to_merge" : [ "minecraft:fog_bamboo_jungle_hills" ],
         "inherit_from_prior_fog" : false,
         "water_surface_color" : "#14a2c5"
      },
      "basalt_deltas" : {
         "fog_identifier" : "minecraft:fog_basalt_deltas",
         "fog_ids_to_merge" : [ "minecraft:fog_basalt_deltas" ],
         "inherit_from_prior_fog" : false,
         "water_surface_color" : "#3f76e4"
      },
      "beach" : {
         "fog_identifier" : "minecraft:fog_beach",
         "fog_ids_to_merge" : [ "minecraft:fog_beach" ],
         "inherit_from_prior_fog" : false,
         "water_surface_color" : "#2077aa"
      },
      "birch_forest" : {
         "fog_identifier" : "minecraft:fog_birch_forest",
         "fog_ids_to_merge" : [ "minecraft:fog_birch_forest" ],
         "inherit_from_prior_fog" : false,
         "water_surface_color" : "#10c0d0"
      },
      "birch_forest_hills" : {
         "fog_identifier" : "minecraft:fog_birch_forest_hills",
         "fog_ids_to_merge" : [ "minecraft:fog_birch_forest_hills" ],
         "inherit_from_prior_fog" : false,
         "water_surface_color" : "#10c0d0"
      },
      "cherry_grove" : {
         "fog_identifier" : "minecraft:fog_cherry_grove",
         "fog_ids_to_merge" : [ "minecraft:fog_cherry_grove" ],
         "inherit_from_prior_fog" : false,
         "water_surface_color" : "#70d0f0"
      },
      "cold_beach" : {
         "fog_identifier" : "minecraft:fog_cold_beach",
         "fog_ids_to_merge" : [ "minecraft:fog_cold_beach" ],
         "inherit_from_prior_fog" : false,
         "water_surface_color" : "#1166a5"
      },
      "cold_ocean" : {
         "fog_identifier" : "minecraft:fog_cold_ocean",
         "fog_ids_to_merge" : [ "minecraft:fog_cold_ocean" ],
         "inherit_from_prior_fog" : false,
         "water_surface_color" : "#1166a5"
      },
      "cold_taiga" : {
         "fog_identifier" : "minecraft:fog_cold_taiga",
         "fog_ids_to_merge" : [ "minecraft:fog_cold_taiga" ],
         "inherit_from_prior_fog" : false,
         "water_surface_color" : "#1166a5"
      },
      "cold_taiga_hills" : {
         "fog_identifier" : "minecraft:fog_cold_taiga_hills",
         "fog_ids_to_merge" : [ "minecraft:fog_cold_taiga_hills" ],
         "inherit_from_prior_fog" : false,
         "water_surface_color" : "#1166a5"
      },
      "cold_taiga_mutated" : {
         "fog_identifier" : "minecraft:fog_cold_taiga_mutated",
         "fog_ids_to_merge" : [ "minecraft:fog_cold_taiga_mutated" ],
         "inherit_from_prior_fog" : false,
         "water_surface_color" : "#1166a5"
      },
      "crimson_forest" : {
         "fog_identifier" : "minecraft:fog_crimson_forest",
         "fog_ids_to_merge" : [ "minecraft:fog_crimson_forest" ],
         "inherit_from_prior_fog" : false,
         "water_surface_color" : "#905957"
      },
      "deep_cold_ocean" : {
         "fog_identifier" : "minecraft:fog_deep_cold_ocean",
         "fog_ids_to_merge" : [ "minecraft:fog_deep_cold_ocean" ],
         "inherit_from_prior_fog" : false,
         "water_surface_color" : "#1166a5"
      },
      "deep_frozen_ocean" : {
         "fog_identifier" : "minecraft:fog_deep_frozen_ocean",
         "fog_ids_to_merge" : [ "minecraft:fog_deep_frozen_ocean" ],
         "inherit_from_prior_fog" : false,
         "water_surface_color" : "#1166a5"
      },
      "deep_lukewarm_ocean" : {
         "fog_identifier" : "minecraft:fog_deep_lukewarm_ocean",
         "fog_ids_to_merge" : [ "minecraft:fog_deep_lukewarm_ocean" ],
         "inherit_from_prior_fog" : false,
         "water_surface_color" : "#1099dd"
      },
      "deep_ocean" : {
         "fog_identifier" : "minecraft:fog_deep_ocean",
         "fog_ids_to_merge" : [ "minecraft:fog_deep_ocean" ],
         "inherit_from_prior_fog" : false,
         "water_surface_color" : "#1099dd"
      },
      "deep_warm_ocean" : {
         "fog_identifier" : "minecraft:fog_deep_warm_ocean",
         "fog_ids_to_merge" : [ "minecraft:fog_deep_warm_ocean" ],
         "inherit_from_prior_fog" : false,
         "water_surface_color" : "#00b0e0"
      },
      "default" : {
         "fog_identifier" : "minecraft:fog_default",
         "fog_ids_to_merge" : [ "minecraft:fog_default" ],
         "inherit_from_prior_fog" : false,
         "remove_all_prior_fog" : false,
         "water_surface_color" : "#44afd0",
         "water_surface_transparency" : 0.5
      },
      "desert" : {
         "fog_identifier" : "minecraft:fog_desert",
         "fog_ids_to_merge" : [ "minecraft:fog_desert" ],
         "inherit_from_prior_fog" : false,
         "water_surface_color" : "#32a599"
      },
      "desert_hills" : {
         "fog_identifier" : "minecraft:fog_desert_hills",
         "fog_ids_to_merge" : [ "minecraft:fog_desert_hills" ],
         "inherit_from_prior_fog" : false,
         "water_surface_color" : "#1a7aa1"
      },
      "extreme_hills" : {
         "fog_identifier" : "minecraft:fog_extreme_hills",
         "fog_ids_to_merge" : [ "minecraft:fog_extreme_hills" ],
         "inherit_from_prior_fog" : false,
         "water_surface_color" : "#007bf7"
      },
      "extreme_hills_edge" : {
         "fog_identifier" : "minecraft:fog_extreme_hills_edge",
         "fog_ids_to_merge" : [ "minecraft:fog_extreme_hills_edge" ],
         "inherit_from_prior_fog" : false,
         "water_surface_color" : "#007bf7"
      },
      "extreme_hills_mutated" : {
         "fog_identifier" : "minecraft:fog_extreme_hills_mutated",
         "fog_ids_to_merge" : [ "minecraft:fog_extreme_hills_mutated" ],
         "inherit_from_prior_fog" : false,
         "water_surface_color" : "#007bf7"
      },
      "extreme_hills_plus_trees" : {
         "fog_identifier" : "minecraft:fog_extreme_hills_plus_trees",
         "fog_ids_to_merge" : [ "minecraft:fog_extreme_hills_plus_trees" ],
         "inherit_from_prior_fog" : false,
         "water_surface_color" : "#007bf7"
      },
      "extreme_hills_plus_trees_mutated" : {
         "fog_identifier" : "minecraft:fog_extreme_hills_plus_trees_mutated",
         "fog_ids_to_merge" : [ "minecraft:fog_extreme_hills_plus_trees_mutated" ],
         "inherit_from_prior_fog" : false,
         "water_surface_color" : "#007bf7"
      },
      "flower_forest" : {
         "fog_identifier" : "minecraft:fog_flower_forest",
         "fog_ids_to_merge" : [ "minecraft:fog_flower_forest" ],
         "inherit_from_prior_fog" : false,
         "water_surface_color" : "#22a3cc"
      },
      "forest" : {
         "fog_identifier" : "minecraft:fog_forest",
         "fog_ids_to_merge" : [ "minecraft:fog_forest" ],
         "inherit_from_prior_fog" : false,
         "water_surface_color" : "#22a3cc"
      },
      "forest_hills" : {
         "fog_identifier" : "minecraft:fog_forest_hills",
         "fog_ids_to_merge" : [ "minecraft:fog_forest_hills" ],
         "inherit_from_prior_fog" : false,
         "water_surface_color" : "#22a3cc"
      },
      "frozen_ocean" : {
         "fog_identifier" : "minecraft:fog_frozen_ocean",
         "fog_ids_to_merge" : [ "minecraft:fog_frozen_ocean" ],
         "inherit_from_prior_fog" : false,
         "water_surface_color" : "#1166a5"
      },
      "frozen_river" : {
         "fog_identifier" : "minecraft:fog_frozen_river",
         "fog_ids_to_merge" : [ "minecraft:fog_frozen_river" ],
         "inherit_from_prior_fog" : false,
         "water_surface_color" : "#1166a5"
      },
      "hell" : {
         "fog_identifier" : "minecraft:fog_hell",
         "fog_ids_to_merge" : [ "minecraft:fog_hell" ],
         "inherit_from_prior_fog" : false,
         "water_surface_color" : "#905555"
      },
      "ice_mountains" : {
         "fog_identifier" : "minecraft:fog_ice_mountains",
         "fog_ids_to_merge" : [ "minecraft:fog_ice_mountains" ],
         "inherit_from_prior_fog" : false,
         "water_surface_color" : "#1166a5"
      },
      "ice_plains" : {
         "fog_identifier" : "minecraft:fog_ice_plains",
         "fog_ids_to_merge" : [ "minecraft:fog_ice_plains" ],
         "inherit_from_prior_fog" : false,
         "water_surface_color" : "#1166a5"
      },
      "ice_plains_spikes" : {
         "fog_identifier" : "minecraft:fog_ice_plains_spikes",
         "fog_ids_to_merge" : [ "minecraft:fog_ice_plains_spikes" ],
         "inherit_from_prior_fog" : false,
         "water_surface_color" : "#1166a5"
      },
      "jungle" : {
         "fog_identifier" : "minecraft:fog_jungle",
         "fog_ids_to_merge" : [ "minecraft:fog_jungle" ],
         "inherit_from_prior_fog" : false,
         "water_surface_color" : "#14a2c5"
      },
      "jungle_edge" : {
         "fog_identifier" : "minecraft:fog_jungle_edge",
         "fog_ids_to_merge" : [ "minecraft:fog_jungle_edge" ],
         "inherit_from_prior_fog" : false,
         "water_surface_color" : "#14a2c5"
      },
      "jungle_hills" : {
         "fog_identifier" : "minecraft:fog_jungle_hills",
         "fog_ids_to_merge" : [ "minecraft:fog_jungle_hills" ],
         "inherit_from_prior_fog" : false,
         "water_surface_color" : "#14a2c5"
      },
      "jungle_mutated" : {
         "fog_identifier" : "minecraft:fog_jungle_mutated",
         "fog_ids_to_merge" : [ "minecraft:fog_jungle_mutated" ],
         "inherit_from_prior_fog" : false,
         "water_surface_color" : "#14a2c5"
      },
      "lukewarm_ocean" : {
         "fog_identifier" : "minecraft:fog_lukewarm_ocean",
         "fog_ids_to_merge" : [ "minecraft:fog_lukewarm_ocean" ],
         "inherit_from_prior_fog" : false,
         "water_surface_color" : "#1099dd"
      },
      "mangrove_swamp" : {
         "fog_identifier" : "minecraft:fog_mangrove_swamp",
         "fog_ids_to_merge" : [ "minecraft:fog_mangrove_swamp" ],
         "inherit_from_prior_fog" : false,
         "water_surface_color" : "#3a7a6a"
      },
      "mega_spruce_taiga" : {
         "fog_identifier" : "minecraft:fog_mega_spruce_taiga",
         "fog_ids_to_merge" : [ "minecraft:fog_mega_spruce_taiga" ],
         "inherit_from_prior_fog" : false,
         "water_surface_color" : "#2d6d8d"
      },
      "mega_spruce_taiga_mutated" : {
         "fog_identifier" : "minecraft:fog_mega_spruce_taiga_mutated",
         "fog_ids_to_merge" : [ "minecraft:fog_mega_spruce_taiga_mutated" ],
         "inherit_from_prior_fog" : false,
         "water_surface_color" : "#2d6d8d"
      },
      "mega_taiga" : {
         "fog_identifier" : "minecraft:fog_mega_taiga",
         "fog_ids_to_merge" : [ "minecraft:fog_mega_taiga" ],
         "inherit_from_prior_fog" : false,
         "water_surface_color" : "#2d6d8d"
      },
      "mega_taiga_hills" : {
         "fog_identifier" : "minecraft:fog_mega_taiga_hills",
         "fog_ids_to_merge" : [ "minecraft:fog_mega_taiga_hills" ],
         "inherit_from_prior_fog" : false,
         "water_surface_color" : "#2d6d8d"
      },
      "mega_taiga_mutated" : {
         "fog_identifier" : "minecraft:fog_mega_taiga_mutated",
         "fog_ids_to_merge" : [ "minecraft:fog_mega_taiga_mutated" ],
         "inherit_from_prior_fog" : false,
         "water_surface_color" : "#2d6d8d"
      },
      "mesa" : {
         "fog_identifier" : "minecraft:fog_mesa",
         "fog_ids_to_merge" : [ "minecraft:fog_mesa" ],
         "inherit_from_prior_fog" : false,
         "water_surface_color" : "#4f7f7f"
      },
      "mesa_bryce" : {
         "fog_identifier" : "minecraft:fog_mesa_bryce",
         "fog_ids_to_merge" : [ "minecraft:fog_mesa_bryce" ],
         "inherit_from_prior_fog" : false,
         "water_surface_color" : "#4f7f7f"
      },
      "mesa_mutated" : {
         "fog_identifier" : "minecraft:fog_mesa_mutated",
         "fog_ids_to_merge" : [ "minecraft:fog_mesa_mutated" ],
         "inherit_from_prior_fog" : false,
         "water_surface_color" : "#4f7f7f"
      },
      "mesa_plateau" : {
         "fog_identifier" : "minecraft:fog_mesa_plateau",
         "fog_ids_to_merge" : [ "minecraft:fog_mesa_plateau" ],
         "inherit_from_prior_fog" : false,
         "water_surface_color" : "#4f7f7f"
      },
      "mesa_plateau_stone" : {
         "fog_identifier" : "minecraft:fog_mesa_plateau_stone",
         "fog_ids_to_merge" : [ "minecraft:fog_mesa_plateau_stone" ],
         "inherit_from_prior_fog" : false,
         "water_surface_color" : "#4f7f7f"
      },
      "mushroom_island" : {
         "fog_identifier" : "minecraft:fog_mushroom_island",
         "fog_ids_to_merge" : [ "minecraft:fog_mushroom_island" ],
         "inherit_from_prior_fog" : false,
         "water_surface_color" : "#898999"
      },
      "mushroom_island_shore" : {
         "fog_identifier" : "minecraft:fog_mushroom_island_shore",
         "fog_ids_to_merge" : [ "minecraft:fog_mushroom_island_shore" ],
         "inherit_from_prior_fog" : false,
         "water_surface_color" : "#898999"
      },
      "ocean" : {
         "fog_identifier" : "minecraft:fog_ocean",
         "fog_ids_to_merge" : [ "minecraft:fog_ocean" ],
         "inherit_from_prior_fog" : false,
         "water_surface_color" : "#1888c8"
      },
      "plains" : {
         "fog_identifier" : "minecraft:fog_plains",
         "fog_ids_to_merge" : [ "minecraft:fog_plains" ],
         "inherit_from_prior_fog" : false,
         "water_surface_color" : "#44afd0"
      },
      "river" : {
         "fog_identifier" : "minecraft:fog_river",
         "fog_ids_to_merge" : [ "minecraft:fog_river" ],
         "inherit_from_prior_fog" : false,
         "water_surface_color" : "#0088ff"
      },
      "roofed_forest" : {
         "fog_identifier" : "minecraft:fog_roofed_forest",
         "fog_ids_to_merge" : [ "minecraft:fog_roofed_forest" ],
         "inherit_from_prior_fog" : false,
         "water_surface_color" : "#3c6cdc"
      },
      "savanna" : {
         "fog_identifier" : "minecraft:fog_savanna",
         "fog_ids_to_merge" : [ "minecraft:fog_savanna" ],
         "inherit_from_prior_fog" : false,
         "water_surface_color" : "#2c8c9c"
      },
      "savanna_mutated" : {
         "fog_identifier" : "minecraft:fog_savanna_mutated",
         "fog_ids_to_merge" : [ "minecraft:fog_savanna_mutated" ],
         "inherit_from_prior_fog" : false,
         "water_surface_color" : "#2c8c9c"
      },
      "savanna_plateau" : {
         "fog_identifier" : "minecraft:fog_savanna_plateau",
         "fog_ids_to_merge" : [ "minecraft:fog_savanna_plateau" ],
         "inherit_from_prior_fog" : false,
         "water_surface_color" : "#2c8c9c"
      },
      "soulsand_valley" : {
         "fog_identifier" : "minecraft:fog_soulsand_valley",
         "fog_ids_to_merge" : [ "minecraft:fog_soulsand_valley" ],
         "inherit_from_prior_fog" : false,
         "water_surface_color" : "#905957"
      },
      "stone_beach" : {
         "fog_identifier" : "minecraft:fog_stone_beach",
         "fog_ids_to_merge" : [ "minecraft:fog_stone_beach" ],
         "inherit_from_prior_fog" : false,
         "water_surface_color" : "#10c0dd"
      },
      "sunflower_plains" : {
         "fog_identifier" : "minecraft:fog_sunflower_plains",
         "fog_ids_to_merge" : [ "minecraft:fog_sunflower_plains" ],
         "inherit_from_prior_fog" : false,
         "water_surface_color" : "#44afd0"
      },
      "swampland" : {
         "fog_identifier" : "minecraft:fog_swampland",
         "fog_ids_to_merge" : [ "minecraft:fog_swampland" ],
         "inherit_from_prior_fog" : false,
         "water_surface_color" : "#4c6655",
         "water_surface_transparency" : 1.0
      },
      "swampland_mutated" : {
         "fog_identifier" : "minecraft:fog_swampland_mutated",
         "fog_ids_to_merge" : [ "minecraft:fog_swampland_mutated" ],
         "inherit_from_prior_fog" : false,
         "water_surface_color" : "#4c6655",
         "water_surface_transparency" : 1.0
      },
      "taiga" : {
         "fog_identifier" : "minecraft:fog_taiga",
         "fog_ids_to_merge" : [ "minecraft:fog_taiga" ],
         "inherit_from_prior_fog" : false,
         "water_surface_color" : "#2d6d8d"
      },
      "taiga_hills" : {
         "fog_identifier" : "minecraft:fog_taiga_hills",
         "fog_ids_to_merge" : [ "minecraft:fog_taiga_hills" ],
         "inherit_from_prior_fog" : false,
         "water_surface_color" : "#2d6d8d"
      },
      "taiga_mutated" : {
         "fog_identifier" : "minecraft:fog_taiga_mutated",
         "fog_ids_to_merge" : [ "minecraft:fog_taiga_mutated" ],
         "inherit_from_prior_fog" : false,
         "water_surface_color" : "#2d6d8d"
      },
      "the_end" : {
         "fog_identifier" : "minecraft:fog_the_end",
         "fog_ids_to_merge" : [ "minecraft:fog_the_end" ],
         "inherit_from_prior_fog" : false,
         "water_surface_color" : "#62529e"
      },
      "warm_ocean" : {
         "fog_identifier" : "minecraft:fog_warm_ocean",
         "fog_ids_to_merge" : [ "minecraft:fog_warm_ocean" ],
         "inherit_from_prior_fog" : false,
         "water_surface_color" : "#00b0e0",
         "water_surface_transparency" : 0.4
      },
      "warped_forest" : {
         "fog_identifier" : "minecraft:fog_warped_forest",
         "fog_ids_to_merge" : [ "minecraft:fog_warped_forest" ],
         "inherit_from_prior_fog" : false,
         "water_surface_color" : "#905957"
      }
   }
}
